{
  "model_name": "drowsiness_lstm_20251129_224031",
  "timestamp": "2025-11-29T22:40:35.296093",
  "training_time": 3.0920469760894775,
  "best_val_acc": 89.14893617021276,
  "config": {
    "train_ratio": 0.7,
    "val_ratio": 0.15,
    "test_ratio": 0.15,
    "normalization": "zscore",
    "input_size": 12,
    "hidden_size1": 32,
    "hidden_size2": 16,
    "fc_size": 32,
    "num_classes": 2,
    "dropout_rate": 0.5,
    "epochs": 100,
    "batch_size": 32,
    "learning_rate": 0.0005,
    "patience": 10,
    "output_dir": "trained_models",
    "show_plots": false,
    "device": null
  },
  "split_method": "session-based",
  "train_sessions": [
    "20251116_170734_002_normal",
    "20251118_100225_003_normal",
    "20251129_221954_001_normal",
    "20251118_095413_003_normal",
    "20251118_105108_003_normal",
    "20251118_110113_003_normal",
    "20251117_103414_002_normal",
    "20251117_101707_002_normal",
    "20251117_102415_002_normal",
    "20251117_095003_002_normal",
    "20251129_222314_001_normal",
    "20251118_104030_003_normal",
    "20251117_094642_002_normal",
    "20251117_092807_002_normal",
    "20251118_095746_003_normal",
    "20251118_110712_003_normal",
    "20251117_100001_002_normal",
    "20251115_124143_001_normal",
    "20251125_000033_001_drowsy",
    "20251115_041020_001_drowsy",
    "20251119_031350_003_drowsy",
    "20251118_024555_003_drowsy",
    "20251125_000717_001_drowsy",
    "20251118_023159_003_drowsy",
    "20251115_041252_001_drowsy",
    "20251119_032025_003_drowsy",
    "20251118_024919_003_drowsy",
    "20251119_031034_003_drowsy",
    "20251124_235023_001_drowsy",
    "20251119_031704_003_drowsy",
    "20251115_042859_001_drowsy",
    "20251115_043302_001_drowsy",
    "20251119_030638_003_drowsy",
    "20251118_030021_003_drowsy",
    "20251124_235703_001_drowsy",
    "20251118_023845_003_drowsy",
    "20251115_041858_001_drowsy",
    "20251118_030340_003_drowsy",
    "20251124_234701_001_drowsy",
    "20251117_014716_002_drowsy",
    "20251124_234016_001_drowsy",
    "20251125_000356_001_drowsy",
    "20251118_024230_003_drowsy",
    "20251124_235347_001_drowsy",
    "20251115_042539_001_drowsy",
    "20251118_025245_003_drowsy"
  ],
  "val_sessions": [
    "20251118_103550_003_normal",
    "20251116_170406_002_normal",
    "20251117_102022_002_normal",
    "20251117_094316_002_normal",
    "20251118_104418_003_normal",
    "20251118_022809_003_drowsy",
    "20251115_041612_001_drowsy",
    "20251119_024919_003_drowsy",
    "20251117_015827_002_drowsy",
    "20251124_234331_001_drowsy",
    "20251119_025617_003_drowsy"
  ],
  "test_sessions": [
    "20251117_095641_002_normal",
    "20251129_221630_001_normal",
    "20251117_095319_002_normal",
    "20251118_104742_003_normal",
    "20251115_123806_001_normal",
    "20251119_025940_003_drowsy",
    "20251118_023525_003_drowsy",
    "20251115_043630_001_drowsy",
    "20251119_030306_003_drowsy",
    "20251115_042226_001_drowsy",
    "20251125_001041_001_drowsy",
    "20251118_025606_003_drowsy"
  ],
  "data_statistics": {
    "train_count": 1771,
    "val_count": 470,
    "test_count": 445
  },
  "test_accuracy": 88.08988764044943,
  "confusion_matrix": [
    [
      208,
      15
    ],
    [
      38,
      184
    ]
  ],
  "classification_report": {
    "Normal": {
      "precision": 0.8455284552845529,
      "recall": 0.9327354260089686,
      "f1-score": 0.8869936034115139,
      "support": 223.0
    },
    "Drowsy": {
      "precision": 0.9246231155778895,
      "recall": 0.8288288288288288,
      "f1-score": 0.8741092636579573,
      "support": 222.0
    },
    "accuracy": 0.8808988764044944,
    "macro avg": {
      "precision": 0.8850757854312212,
      "recall": 0.8807821274188987,
      "f1-score": 0.8805514335347355,
      "support": 445.0
    },
    "weighted avg": {
      "precision": 0.8849869150263971,
      "recall": 0.8808988764044944,
      "f1-score": 0.8805659103209755,
      "support": 445.0
    }
  }
}