{
  "mean": [
    0.03409882262349129,
    0.16935934126377106,
    5.122068405151367,
    1763176960.0,
    0.20345784723758698,
    0.0,
    0.0,
    0.0,
    0.0,
    0.0,
    0.0,
    0.0
  ],
  "std": [
    0.007120518013834953,
    0.04571351781487465,
    1.558199405670166,
    25495.39453125,
    0.046227578073740005,
    1.0,
    1.0,
    1.0,
    1.0,
    1.0,
    1.0,
    1.0
  ],
  "is_fitted": true
}