{
  "mean": [
    0.03783789649605751,
    0.16726435720920563,
    4.720419883728027,
    1763506816.0,
    0.2051014006137848,
    0.0,
    0.0,
    0.0,
    0.0,
    0.0,
    0.0,
    0.0
  ],
  "std": [
    0.011406202800571918,
    0.04775126650929451,
    1.6509037017822266,
    192098.75,
    0.04911935329437256,
    1.0,
    1.0,
    1.0,
    1.0,
    1.0,
    1.0,
    1.0
  ],
  "is_fitted": true
}