{
  "mean": [
    0.03705265372991562,
    0.166413351893425,
    4.753455638885498,
    0.0,
    0.20346657931804657,
    158.44700622558594,
    60.828636169433594,
    32.34491729736328,
    116.12749481201172,
    32.34491729736328,
    103.10530853271484,
    0.0646824911236763
  ],
  "std": [
    0.010850826278328896,
    0.05148325115442276,
    1.6709924936294556,
    1.0,
    0.05305469036102295,
    135.75103759765625,
    25.75909423828125,
    16.107999801635742,
    128.38648986816406,
    16.107999801635742,
    37.2861213684082,
    0.05137311667203903
  ],
  "is_fitted": true
}