{
  "mean": [
    0.03763623908162117,
    0.1684376299381256,
    4.757242679595947,
    1763569280.0,
    0.20607277750968933,
    0.0,
    0.0,
    0.0,
    0.0,
    0.0,
    0.0,
    0.0
  ],
  "std": [
    0.0112407011911273,
    0.05126655101776123,
    1.688828945159912,
    275631.4375,
    0.052942290902137756,
    1.0,
    1.0,
    1.0,
    1.0,
    1.0,
    1.0,
    1.0
  ],
  "is_fitted": true
}